Random sampling,Stratified sampling,Systematic sampling,Cluster sampling,Convenience sampling
0.9913793103448276,0.9891891891891892,0.9166666666666666,0.9956709956709957,0.9666666666666667
0.948051948051948,0.9435483870967742,0.5,0.961038961038961,0.75
0.935064935064935,0.9354838709677419,0.75,0.9090909090909091,0.85
0.7792207792207793,0.6935483870967742,0.875,0.7532467532467533,0.7
0.987012987012987,0.9919354838709677,0.875,0.9935064935064936,0.85
